[
    {
        "entry": [
            {
                "id": "261291261216012",
                "time": 1677243039,
                "changes": [
                    {
                        "value": {
                            "created_time": 1677243037,
                            "leadgen_id": "189897603660159",
                            "page_id": "261291261216012",
                            "form_id": "486157536938952"
                        },
                        "field": "leadgen"
                    }
                ]
            }
        ],
        "object": "page"
    }
]